City_ID,City,Country,Lat,Lng,Max Temp,Humidity,Cloudiness,Wind Speed,Current Description
0,Jamestown,US,42.097,-79.2353,71.02,93,90,4.0,overcast clouds
1,Rikitea,PF,-23.1203,-134.9692,73.51,71,36,11.45,scattered clouds
2,Hithadhoo,MV,-0.6,73.0833,82.38,73,11,5.48,few clouds
3,Mount Gambier,AU,-37.8333,140.7667,53.51,87,40,8.05,scattered clouds
4,Te Anau,NZ,-45.4167,167.7167,46.24,94,100,4.79,overcast clouds
5,Komsomolskiy,UZ,40.4272,71.7189,90.32,25,10,6.91,clear sky
6,Hobart,AU,-42.8794,147.3294,51.03,92,75,0.0,broken clouds
7,Lere,NG,10.387,8.5726,73.96,82,88,4.88,overcast clouds
8,North Bend,US,43.4065,-124.2243,57.24,87,90,17.27,overcast clouds
9,Ha Noi,VN,21.0245,105.8412,95.0,53,55,12.93,broken clouds
10,Dingle,PH,10.9995,122.6711,87.19,70,100,6.26,light rain
11,Barrow,US,71.2906,-156.7887,32.02,86,90,8.05,mist
12,Tay Ninh,VN,11.3,106.1,88.07,64,97,4.68,overcast clouds
13,Grand Gaube,MU,-20.0064,57.6608,74.37,73,22,15.99,light rain
14,Punta Arenas,CL,-53.15,-70.9167,37.51,81,90,13.8,overcast clouds
15,Albany,US,42.6001,-73.9662,69.28,94,100,1.99,overcast clouds
16,Gimli,CA,50.6336,-96.9907,60.82,67,28,5.75,scattered clouds
17,Bathsheba,BB,13.2167,-59.5167,79.54,77,2,15.17,clear sky
18,Arraial Do Cabo,BR,-22.9661,-42.0278,70.65,90,0,21.43,clear sky
19,Yellowknife,CA,62.456,-114.3525,64.92,63,75,6.91,broken clouds
20,Salalah,OM,17.0151,54.0924,84.29,84,75,13.8,broken clouds
21,Cape Town,ZA,-33.9258,18.4232,51.12,75,75,1.01,broken clouds
22,Katsina,NG,12.9894,7.6006,79.7,65,43,9.42,scattered clouds
23,Nikolskoye,RU,59.7035,30.7861,84.09,61,100,2.68,overcast clouds
24,Eureka,US,40.8021,-124.1637,56.68,81,58,5.01,broken clouds
25,Ushuaia,AR,-54.8,-68.3,28.06,86,0,8.05,clear sky
26,Ponta Do Sol,PT,32.6667,-17.1,72.72,71,0,5.35,clear sky
27,Khani,GE,41.9563,42.9566,76.57,55,10,4.76,clear sky
28,Springbok,ZA,-29.6643,17.8865,38.01,55,0,9.86,clear sky
29,Ribeira Grande,PT,38.5167,-28.7,70.2,88,75,11.5,broken clouds
30,Kaitangata,NZ,-46.2817,169.8464,47.93,62,100,7.07,overcast clouds
31,Surt,LY,31.2089,16.5887,81.93,57,0,6.35,clear sky
32,Busselton,AU,-33.65,115.3333,57.04,75,31,24.0,scattered clouds
33,Flinders,AU,-34.5833,150.8552,61.25,70,100,1.99,overcast clouds
34,Vila Franca Do Campo,PT,37.7167,-25.4333,68.41,81,56,6.15,broken clouds
35,Atuona,PF,-9.8,-139.0333,78.03,72,98,21.25,overcast clouds
36,Mataura,NZ,-46.1927,168.8643,45.48,87,100,7.27,overcast clouds
37,Abbeville,FR,50.1,1.8333,62.49,85,65,14.36,broken clouds
38,Wawa,NG,9.9022,4.4192,74.82,85,100,6.6,overcast clouds
39,Port Hawkesbury,CA,45.6169,-61.3485,58.05,68,1,1.99,clear sky
40,Hede,CN,33.7681,120.2517,95.83,55,100,14.23,light rain
41,Vianopolis,BR,-16.7419,-48.5164,55.15,65,0,3.02,clear sky
42,Cabo San Lucas,MX,22.8909,-109.9124,84.51,58,28,5.01,scattered clouds
43,Bredasdorp,ZA,-34.5322,20.0403,47.52,66,40,9.22,scattered clouds
44,Pangody,RU,65.85,74.4859,56.77,40,7,8.88,clear sky
45,Verkhoyansk,RU,67.5447,133.385,78.82,35,99,18.32,overcast clouds
46,Kodinsk,RU,58.6881,99.1844,84.47,31,100,4.16,overcast clouds
47,Kaeo,NZ,-35.1,173.7833,48.33,80,2,4.94,clear sky
48,Mar Del Plata,AR,-38.0023,-57.5575,46.13,36,54,3.44,mist
49,Kameshkovo,RU,56.3481,41.0047,84.45,40,100,3.74,overcast clouds
50,Tiksi,RU,71.6872,128.8694,43.72,72,100,20.71,overcast clouds
51,Morro Agudo,BR,-20.7314,-48.0578,55.42,50,0,4.03,clear sky
52,New Norfolk,AU,-42.7826,147.0587,50.67,88,100,1.43,overcast clouds
53,Pevek,RU,69.7008,170.3133,41.7,89,63,6.64,broken clouds
54,Port Elizabeth,ZA,-33.918,25.5701,50.09,71,0,6.91,clear sky
55,Hermanus,ZA,-34.4187,19.2345,50.9,75,6,9.1,clear sky
56,Caranavi,BO,-15.8167,-67.55,62.44,83,63,2.66,broken clouds
57,East London,ZA,-33.0153,27.9116,54.54,40,0,14.97,clear sky
58,Anchorage,US,61.2181,-149.9003,61.68,64,75,6.91,light rain
59,Verkhnedneprovskiy,RU,54.9813,33.3457,80.15,60,0,3.69,clear sky
60,Dikson,RU,73.5069,80.5464,35.24,95,100,14.25,overcast clouds
61,Kalabo,ZM,-14.97,22.6814,63.36,35,6,10.67,clear sky
62,Port Lincoln,AU,-34.7333,135.8667,60.13,78,0,24.27,clear sky
63,Suluq,LY,31.6682,20.2521,86.04,41,0,10.51,clear sky
64,Tsurib,RU,42.2368,46.8307,58.98,82,100,2.13,overcast clouds
65,Iqaluit,CA,63.7506,-68.5145,44.33,93,90,8.99,light rain
66,Kavieng,PG,-2.5744,150.7967,83.48,77,6,15.37,light rain
67,Vanimo,PG,-2.6741,141.3028,84.56,75,100,10.25,overcast clouds
68,Bethel,US,41.3712,-73.414,69.37,94,90,3.44,mist
69,San Quintin,MX,30.4833,-115.95,68.25,84,16,5.41,few clouds
70,Tura,IN,25.5198,90.2201,85.26,67,100,6.08,overcast clouds
71,Fairbanks,US,64.8378,-147.7164,73.4,49,75,1.01,broken clouds
72,Victoria,HK,22.2855,114.1577,93.96,72,100,7.0,overcast clouds
73,Muisne,EC,0.6,-80.0333,74.12,83,100,7.83,overcast clouds
74,Puerto Ayora,EC,-0.7393,-90.3518,71.15,86,98,10.11,overcast clouds
75,Sitka,US,57.0531,-135.33,53.49,82,90,0.0,light rain
76,Narsaq,GL,60.9167,-46.05,46.62,72,87,2.66,overcast clouds
77,Ostrovnoy,RU,68.0531,39.5131,65.61,61,26,9.04,scattered clouds
78,Carauari,BR,-4.8828,-66.8958,70.63,99,32,2.13,scattered clouds
79,Tasiilaq,GL,65.6145,-37.6368,42.96,98,100,2.68,overcast clouds
80,Alice Springs,AU,-23.7,133.8833,83.75,21,90,18.41,overcast clouds
81,Thompson,CA,55.7435,-97.8558,56.26,60,97,0.81,overcast clouds
82,Tuktoyaktuk,CA,69.4541,-133.0374,40.17,82,100,18.03,overcast clouds
83,Tezu,IN,27.9167,96.1667,79.47,98,100,2.33,light rain
84,Castro,BR,-24.7911,-50.0119,52.05,73,43,2.68,scattered clouds
85,Butaritari,KI,3.0707,172.7902,83.43,75,100,11.36,light rain
86,Moron,AR,-34.6534,-58.6198,50.97,93,100,4.0,overcast clouds
87,Qaanaaq,GL,77.484,-69.3632,38.7,95,100,1.92,overcast clouds
88,Puerto Escondido,MX,15.85,-97.0667,79.14,75,89,6.64,overcast clouds
89,Acarau,BR,-2.8856,-40.12,75.88,86,100,12.71,overcast clouds
90,Hvolsvollur,IS,63.7533,-20.2243,49.8,92,100,7.81,light rain
91,Tigil,RU,57.8,158.6667,59.58,98,100,6.4,light rain
92,Carnarvon,AU,-24.8667,113.6333,69.87,59,100,13.8,overcast clouds
93,Ucluelet,CA,48.9329,-125.5528,62.04,92,94,1.01,overcast clouds
94,Beringovskiy,RU,63.05,179.3167,54.16,79,19,3.31,few clouds
95,Lovozero,RU,68.005,35.0117,63.9,76,100,17.47,overcast clouds
96,Hokitika,NZ,-42.7167,170.9667,46.36,88,100,2.57,overcast clouds
97,Naze,JP,28.3667,129.4833,85.12,75,100,7.9,overcast clouds
98,Fortuna,US,40.5982,-124.1573,57.18,95,90,5.75,overcast clouds
99,Lazo,RU,43.3817,133.9014,85.64,50,16,6.55,few clouds
100,Tabalosos,PE,-6.35,-76.6833,63.82,89,65,2.77,broken clouds
101,San Cristobal,VE,7.7669,-72.225,63.0,81,22,3.24,few clouds
102,Sola,VU,-13.8833,167.55,80.38,80,18,20.96,few clouds
103,Makakilo City,US,21.3469,-158.0858,77.32,67,90,4.61,overcast clouds
104,Iskilip,TR,40.7353,34.4739,76.91,41,0,6.2,clear sky
105,Kodiak,US,57.79,-152.4072,53.11,76,75,9.22,broken clouds
106,Vaini,TO,-21.2,-175.2,71.76,88,75,4.61,broken clouds
107,Bambanglipuro,ID,-7.95,110.2833,65.61,62,100,13.96,overcast clouds
108,Flin Flon,CA,54.7682,-101.865,56.71,63,15,3.6,few clouds
109,Upernavik,GL,72.7868,-56.1549,39.63,97,100,26.22,moderate rain
110,Honiara,SB,-9.4333,159.95,81.61,83,16,10.65,few clouds
111,Bambous Virieux,MU,-20.3428,57.7575,74.21,73,40,19.57,light rain
112,Berlevag,NO,70.8578,29.0864,51.75,87,75,12.66,broken clouds
113,Cseteny,HU,47.3181,17.9921,83.68,52,73,6.76,broken clouds
114,Kapaa,US,22.0752,-159.319,79.12,79,90,1.01,overcast clouds
115,Avarua,CK,-21.2078,-159.775,77.05,78,20,5.75,few clouds
116,Chuy,UY,-33.6971,-53.4616,55.35,91,100,7.27,moderate rain
117,Hilo,US,19.7297,-155.09,74.8,78,20,6.91,few clouds
118,Acapulco,MX,16.8634,-99.8901,79.79,86,100,3.71,overcast clouds
119,Marsa Matruh,EG,31.3525,27.2453,84.4,65,20,9.22,few clouds
120,Quang Ngai,VN,15.1167,108.8,92.35,53,23,13.38,few clouds
121,Netishyn,UA,50.34,26.6417,82.53,57,0,11.03,clear sky
122,Ust-Kuyga,RU,70.0167,135.6,66.87,62,100,1.99,light rain
123,Inongo,CD,-1.95,18.2667,70.65,54,100,3.6,overcast clouds
124,Namatanai,PG,-3.6667,152.4333,83.3,76,94,13.11,overcast clouds
125,Pisco,PE,-13.7,-76.2167,63.01,87,11,1.61,few clouds
126,Port Alfred,ZA,-33.5906,26.891,53.65,57,64,15.48,broken clouds
127,Cayenne,GF,4.9333,-52.3333,76.08,91,20,0.0,mist
128,Constitucion,CL,-35.3333,-72.4167,45.68,70,0,5.32,clear sky
129,Sisimiut,GL,66.9395,-53.6735,45.93,87,100,29.21,light rain
130,Chino Valley,US,34.7575,-112.4538,78.76,61,1,0.0,clear sky
131,Saint George,US,37.1041,-113.5841,78.35,72,1,5.99,clear sky
132,Mildura,AU,-34.2,142.15,66.16,48,40,6.91,scattered clouds
133,Touros,BR,-5.1989,-35.4608,72.5,88,15,12.62,few clouds
134,Saint-Philippe,RE,-21.3585,55.7679,78.22,68,1,11.48,clear sky
135,Channel-Port Aux Basques,CA,47.5702,-59.1367,55.15,72,0,4.34,clear sky
136,San Fernando,PH,15.0286,120.6898,89.62,55,100,1.63,overcast clouds
137,Kieta,PG,-6.2167,155.6333,82.63,77,9,9.08,light rain
138,Cabedelo,BR,-6.9811,-34.8339,74.07,82,94,12.24,overcast clouds
139,Hami,CN,42.8,93.45,94.21,15,99,4.97,overcast clouds
140,Cidreira,BR,-30.1811,-50.2056,61.72,84,100,1.48,overcast clouds
141,Bonavista,CA,48.6499,-53.1147,51.8,80,7,10.16,clear sky
142,Bluff,NZ,-46.6,168.3333,45.81,84,90,23.17,light rain
143,Sao Felix Do Xingu,BR,-6.6447,-51.995,67.51,63,3,1.9,clear sky
144,Palmer,US,42.1584,-72.3287,69.46,82,90,5.75,mist
145,Santarem,BR,-2.4431,-54.7083,75.33,100,75,4.61,broken clouds
146,Rudbar,AF,30.15,62.6,105.71,10,0,10.92,clear sky
147,Saldanha,ZA,-33.0117,17.9442,41.05,73,6,7.18,clear sky
148,Sao Joao Da Barra,BR,-21.6403,-41.0511,68.13,91,0,8.75,clear sky
149,Sibiti,CG,-3.6819,13.3499,69.44,75,8,2.93,clear sky
150,Akyab,MM,20.15,92.9,86.11,71,100,8.75,overcast clouds
151,Airai,TL,-8.9266,125.4092,69.06,62,100,3.94,overcast clouds
152,Namibe,AO,-15.1961,12.1522,65.77,82,24,0.65,few clouds
153,Emirdag,TR,39.0197,31.15,75.15,47,0,4.88,clear sky
154,Port Hedland,AU,-20.3167,118.5667,82.45,51,75,10.36,broken clouds
155,Kalengwa,ZM,-13.4659,25.0027,68.54,37,40,5.41,scattered clouds
156,Iberia,US,29.9502,-91.7507,76.05,94,1,3.44,clear sky
157,Luderitz,NA,-26.6481,15.1594,54.0,39,0,10.65,clear sky
158,Pindobacu,BR,-10.7417,-40.3608,65.17,96,100,5.79,overcast clouds
159,Mangaluru,IN,12.8667,74.8833,83.26,83,90,8.05,mist
160,Antalaha,MG,-14.9003,50.2788,73.36,83,49,12.3,light rain
161,Klyuchi,RU,52.2667,79.1667,69.94,67,95,24.27,light rain
162,Lebu,CL,-37.6167,-73.65,46.44,82,8,12.01,clear sky
163,Hastings,GB,50.8552,0.5729,65.19,81,19,12.71,few clouds
164,Naryan-Mar,RU,67.6713,53.087,58.19,76,100,5.28,overcast clouds
165,Puerto Quijarro,BO,-17.7833,-57.7667,65.23,45,0,0.63,clear sky
166,Leningradskiy,RU,69.3833,178.4167,40.23,90,87,14.18,overcast clouds
167,Pleshanovo,RU,52.8333,53.4833,75.22,38,4,9.06,clear sky
168,Clyde River,CA,70.4692,-68.5914,50.23,71,90,11.5,overcast clouds
169,Amahai,ID,-3.3333,128.9167,79.0,88,98,3.89,moderate rain
170,Bairiki,KI,1.3292,172.9752,84.2,74,20,11.5,light rain
171,Beipiao,CN,41.7919,120.7792,80.38,78,100,15.82,overcast clouds
172,San Patricio,US,28.017,-97.5169,82.85,85,14,6.6,few clouds
173,Bengkulu,ID,-3.8004,102.2655,82.04,58,100,2.08,overcast clouds
174,Kiunga,PG,-6.1219,141.2906,83.16,82,70,4.12,broken clouds
175,Sawtell,AU,-30.3833,153.1,62.92,77,100,8.05,overcast clouds
176,Eskisehir,TR,39.7767,30.5206,76.91,41,0,3.44,clear sky
177,Bichura,RU,50.5881,107.6022,61.54,92,100,4.65,overcast clouds
178,Rawson,AR,-43.3002,-65.1023,45.66,51,100,13.51,overcast clouds
179,Coolum Beach,AU,-26.5333,153.1,69.12,73,48,11.9,scattered clouds
180,Taoudenni,ML,22.6783,-3.9836,97.7,7,0,11.01,clear sky
181,Souillac,MU,-20.5167,57.5167,74.35,73,40,19.57,scattered clouds
182,Mathbaria,BD,22.2876,89.9593,90.81,59,56,13.33,broken clouds
183,Lagoa,PT,39.05,-27.9833,68.76,79,35,15.46,scattered clouds
184,Husavik,IS,66.0449,-17.3389,53.51,69,100,1.63,overcast clouds
185,Mendoza,AR,-32.8908,-68.8272,44.13,61,0,5.75,clear sky
186,Katsuura,JP,35.1333,140.3,84.24,80,100,6.02,overcast clouds
187,Saint-Augustin,CA,51.226,-58.6502,55.71,66,11,8.1,few clouds
188,Mahebourg,MU,-20.4081,57.7,74.25,73,40,19.57,light rain
189,Zhicheng,CN,30.2956,111.5047,99.99,51,0,13.73,light rain
190,Urgut,UZ,39.4022,67.2431,89.22,15,60,10.87,broken clouds
191,Shingu,JP,33.7333,135.9833,83.91,75,62,1.68,broken clouds
192,Avanigadda,IN,16.0215,80.9181,86.14,75,100,9.33,overcast clouds
193,Centralia,US,46.7162,-122.9543,62.06,80,1,4.61,clear sky
194,Tilichiki,RU,60.4667,166.1,63.21,67,55,10.63,broken clouds
195,Arman,RU,59.7,150.1667,57.96,94,100,10.16,moderate rain
196,Faanui,PF,-16.4833,-151.75,80.55,74,6,19.13,light rain
197,Samarai,PG,-10.6167,150.6667,79.86,86,48,15.39,scattered clouds
198,Khandyga,RU,62.6667,135.6,81.21,28,0,6.53,clear sky
199,Hambantota,LK,6.1241,81.1185,91.74,52,20,19.57,few clouds
200,Cherskiy,RU,68.75,161.3,48.61,74,100,5.5,overcast clouds
201,Vao,NC,-22.6667,167.4833,68.14,57,1,17.05,clear sky
202,Vardo,NO,70.3705,31.1107,53.8,93,75,20.71,moderate rain
203,Mogadishu,SO,2.0371,45.3438,80.47,65,75,14.97,broken clouds
204,Goderich,CA,43.7501,-81.7165,68.32,94,5,5.75,clear sky
205,Bell Ville,AR,-32.6259,-62.6887,53.31,59,100,7.11,overcast clouds
206,Guerrero Negro,MX,27.9769,-114.0611,69.37,79,0,8.7,clear sky
207,Kupang,ID,-10.1667,123.5833,86.58,51,20,16.11,few clouds
208,Sao Filipe,CV,14.8961,-24.4956,73.26,89,99,7.83,overcast clouds
209,Chokurdakh,RU,70.6333,147.9167,59.05,43,44,7.45,scattered clouds
210,Maumere,ID,-8.6199,122.2111,82.02,60,12,12.28,few clouds
211,Roebourne,AU,-20.7833,117.1333,79.36,48,100,13.73,overcast clouds
212,Santiago Del Estero,AR,-27.7951,-64.2615,57.81,73,100,9.53,overcast clouds
213,Grindavik,IS,63.8424,-22.4338,50.56,93,75,16.11,broken clouds
214,Portree,GB,57.4129,-6.1942,57.85,89,97,6.46,overcast clouds
215,Ancud,CL,-41.8697,-73.8203,46.22,84,100,10.54,light rain
216,Khatanga,RU,71.9667,102.5,41.36,82,100,17.65,overcast clouds
217,Bombay,IN,19.0144,72.8479,84.18,84,75,9.22,haze
218,Ahipara,NZ,-35.1667,173.1667,49.48,72,6,4.9,clear sky
219,Rayagada,IN,19.1667,83.4167,85.8,72,99,7.09,light rain
220,Golden,US,39.7555,-105.2211,72.09,51,1,0.0,clear sky
221,Coihaique,CL,-45.5752,-72.0662,38.39,99,100,3.56,light rain
222,Hamilton,US,39.1834,-84.5333,71.24,95,75,7.0,broken clouds
223,Haikou,CN,20.0458,110.3417,82.53,83,40,11.18,thunderstorm with light rain
224,Hofn,IS,64.2539,-15.2082,52.12,80,100,8.95,overcast clouds
225,Uniontown,US,39.9001,-79.7164,73.42,53,0,8.72,clear sky
226,Petropavlovsk-Kamchatskiy,RU,53.0452,158.6483,72.19,64,75,13.42,broken clouds
227,Kasongo-Lunda,CD,-6.4667,16.8167,71.74,30,29,0.11,scattered clouds
228,Adrar,MR,20.5022,-10.0711,88.56,22,6,11.95,clear sky
229,Pahrump,US,36.2083,-115.9839,92.52,31,2,8.01,clear sky
230,Sakaiminato,JP,35.55,133.2333,87.78,66,40,12.66,scattered clouds
231,Olafsvik,IS,64.8945,-23.7142,48.96,90,100,16.33,overcast clouds
232,Anzhero-Sudzhensk,RU,56.081,86.0285,76.66,46,100,4.16,overcast clouds
233,Kulhudhuffushi,MV,6.6221,73.07,82.44,80,14,13.87,few clouds
234,Yarmouth,US,41.7057,-70.2286,69.19,97,90,0.0,fog
235,Santa Rosa,PH,14.3122,121.1114,89.58,66,100,3.89,overcast clouds
236,Emerald,AU,-23.5333,148.1667,78.94,44,75,10.36,broken clouds
237,Krasnoarmeysk,RU,51.0239,45.6969,82.51,47,4,11.86,clear sky
238,Voh,NC,-20.9667,164.7,66.34,63,0,7.2,clear sky
239,Poyarkovo,RU,49.6,128.6833,77.2,91,100,11.52,overcast clouds
240,Kang,BW,-23.6752,22.7876,38.14,40,0,10.11,clear sky
241,Haines Junction,CA,60.7522,-137.5108,53.55,58,100,2.3,overcast clouds
242,Maragogi,BR,-9.0122,-35.2225,73.69,87,29,8.25,scattered clouds
243,Rush,IE,53.5223,-6.0931,62.02,91,75,9.22,broken clouds
244,Kahului,US,20.8947,-156.47,76.84,78,20,10.36,few clouds
245,Port Blair,IN,11.6667,92.75,85.39,71,100,11.1,overcast clouds
246,Dunedin,NZ,-45.8742,170.5036,46.38,66,100,7.99,light rain
247,Lagunas,PE,-5.2269,-75.6753,69.62,98,28,2.68,scattered clouds
248,Dingzhou,CN,38.5131,114.9956,89.71,54,44,2.19,light rain
249,Gorontalo,ID,0.5412,123.0595,83.41,76,100,3.53,overcast clouds
250,Golden Gate,US,26.1879,-81.6951,75.97,97,75,6.91,broken clouds
251,Malinyi,TZ,-8.9333,36.1333,76.5,68,54,0.49,broken clouds
252,Aneho,TG,6.2333,1.6,79.0,82,100,10.83,overcast clouds
253,Sungaipenuh,ID,-2.0833,101.3833,74.53,54,100,2.57,overcast clouds
254,Calama,CL,-22.4667,-68.9333,46.89,31,40,14.97,scattered clouds
255,Tecoanapa,MX,16.5167,-98.75,77.4,82,100,4.16,overcast clouds
256,Dandong,CN,40.1292,124.3947,81.73,84,84,19.13,broken clouds
257,Nome,US,64.5011,-165.4064,53.17,88,19,4.5,few clouds
258,Henties Bay,NA,-22.116,14.2845,62.38,38,0,6.58,clear sky
259,Zhezkazgan,KZ,47.8043,67.7144,67.96,33,27,17.18,scattered clouds
260,Cravo Norte,CO,6.3017,-70.2041,72.07,96,100,3.0,overcast clouds
261,Mattru,SL,7.6244,-11.8332,72.61,97,100,1.32,overcast clouds
262,Faya,SA,18.3851,42.4509,84.31,24,100,5.12,overcast clouds
263,Lavrentiya,RU,65.5833,-171.0,48.72,85,64,5.32,broken clouds
264,Kauhajoki,FI,62.4333,22.1833,77.41,42,47,2.3,scattered clouds
265,Nha Trang,VN,12.25,109.1833,87.8,65,97,8.21,overcast clouds
266,Soyo,AO,-6.1349,12.3689,73.76,79,91,6.46,overcast clouds
267,Qiryat Ono,IL,32.0222,34.8667,88.57,64,20,6.91,few clouds
268,Nemuro,JP,43.3236,145.575,73.83,93,10,9.75,clear sky
269,Waipawa,NZ,-41.4122,175.5153,50.04,80,0,8.46,clear sky
270,Codrington,AU,-38.2667,141.9667,56.8,79,100,12.86,light rain
271,Napier,NZ,-39.4833,176.9167,43.29,76,0,1.99,clear sky
272,Inirida,CO,3.8653,-67.9239,71.24,99,72,2.51,moderate rain
273,Fare,PF,-16.7,-151.0167,80.2,75,0,20.42,light rain
274,Inhambane,MZ,-23.865,35.3833,68.31,71,100,18.3,light rain
275,Tateyama,JP,34.9833,139.8667,82.42,78,100,6.53,overcast clouds
276,Bhavnagar,IN,21.7667,72.15,91.22,70,40,10.36,scattered clouds
277,Georgetown,MY,5.4112,100.3354,85.95,67,20,6.91,few clouds
278,Sembe,CG,1.6481,14.5806,74.1,86,100,2.01,light rain
279,Arona,ES,28.0996,-16.681,73.81,57,0,2.3,clear sky
280,Caravelas,BR,-17.7125,-39.2481,69.31,91,0,2.93,clear sky
281,Tsybli,UA,49.9948,31.5628,84.33,67,0,3.0,clear sky
282,Ust-Koksa,RU,50.2696,85.6108,66.99,66,99,9.57,overcast clouds
283,Eyrarbakki,IS,63.863,-21.1481,50.2,91,100,12.37,moderate rain
284,Nanortalik,GL,60.1432,-45.2371,42.96,88,100,12.01,overcast clouds
285,Ambilobe,MG,-13.2,49.05,84.72,35,5,6.82,clear sky
286,Moryakovskiy Zaton,RU,56.6956,84.6467,80.02,49,100,9.73,overcast clouds
287,Le Port,RE,-20.9373,55.2919,78.62,52,0,2.15,clear sky
288,Sorland,NO,67.667,12.6934,53.67,82,95,3.44,overcast clouds
289,Waingapu,ID,-9.6567,120.2641,84.76,49,88,16.62,overcast clouds
290,Praia,CV,14.9215,-23.5087,73.94,83,20,4.61,few clouds
291,Sibolga,ID,1.7427,98.7792,84.94,66,100,6.15,overcast clouds
292,Alanya,TR,36.5438,31.9998,90.48,57,0,5.79,clear sky
293,Okato,NZ,-39.2,173.8833,45.43,72,54,9.64,broken clouds
294,Severo-Kurilsk,RU,50.6789,156.125,58.24,90,97,7.94,overcast clouds
295,Santa Cruz De Tenerife,ES,28.4682,-16.2546,80.71,87,39,15.12,scattered clouds
296,Basmat,IN,19.3167,77.1667,84.54,70,100,5.21,overcast clouds
297,Kiama,AU,-34.6833,150.8667,61.45,70,100,3.0,overcast clouds
298,Juneau,US,58.3019,-134.4197,55.4,94,90,3.0,moderate rain
299,Callaway,US,30.153,-85.5699,75.13,91,1,1.99,clear sky
300,Bandar-E Lengeh,IR,26.5579,54.8807,98.71,59,68,9.22,broken clouds
301,Xining,CN,36.6167,101.7667,75.2,41,100,3.42,overcast clouds
302,Bud,US,39.447,-86.1758,69.78,96,1,5.35,clear sky
303,Wuhu,CN,31.3366,118.3755,98.51,51,6,7.18,clear sky
304,Havoysund,NO,70.9963,24.6622,52.03,98,100,17.98,overcast clouds
305,Villefontaine,FR,45.6125,5.1456,60.31,100,90,6.91,light rain
306,Filingue,NE,14.3521,3.3168,84.34,51,98,14.25,overcast clouds
307,Luau,AO,-10.7073,22.2247,68.83,35,4,3.8,clear sky
308,Areka,ET,7.0667,37.7,58.95,96,100,2.3,light rain
309,Esperance,AU,-33.8667,121.9,64.24,58,8,18.32,clear sky
310,Magadan,RU,59.5667,150.8,55.54,96,100,19.22,moderate rain
311,Talcahuano,CL,-36.7167,-73.1167,37.08,100,75,5.75,mist
312,Almaznyy,RU,48.0448,40.045,86.14,34,0,10.25,clear sky
313,Waitati,NZ,-45.75,170.5667,44.64,70,100,5.21,light rain
314,Vestmannaeyjar,IS,63.4427,-20.2734,50.63,90,100,11.61,overcast clouds
315,Tucson,US,32.2217,-110.9265,90.57,55,1,1.01,clear sky
316,Vostok,RU,46.4856,135.8833,87.51,46,99,4.76,overcast clouds
317,Zonguldak,TR,41.25,31.8333,70.65,56,0,3.78,clear sky
318,Waddan,LY,29.1614,16.139,83.14,34,0,1.77,clear sky
319,Jaguaruana,BR,-4.8339,-37.7811,69.66,85,87,5.41,overcast clouds
320,Nyaunglebin,MM,17.95,96.7333,90.63,57,52,4.68,broken clouds
321,Tautira,PF,-17.7333,-149.15,77.02,79,7,20.62,light rain
322,Aklavik,CA,68.2191,-135.0107,45.43,92,100,9.31,light rain
323,Cestas,FR,44.7435,-0.6791,64.06,98,90,3.0,overcast clouds
324,Sao Jose Da Coroa Grande,BR,-8.8978,-35.1478,74.37,86,31,8.7,scattered clouds
325,Belyy Yar,RU,53.6039,91.3903,82.29,42,0,6.71,clear sky
326,Jalu,LY,29.0331,21.5482,88.03,28,0,6.53,clear sky
327,Mufumbwe,ZM,-13.6833,24.8,67.33,39,8,6.44,clear sky
328,Baijiantan,CN,45.6333,85.1833,91.31,22,91,10.22,overcast clouds
329,Saskylakh,RU,71.9167,114.0833,45.95,50,100,19.28,overcast clouds
330,Zarubino,RU,42.63,131.0922,71.71,93,51,10.29,broken clouds
331,Lasa,IT,46.6166,10.7002,59.74,87,98,2.13,overcast clouds
332,Brigantine,US,39.4101,-74.3646,80.87,90,1,4.61,clear sky
333,Urumqi,CN,43.801,87.6005,77.95,44,0,6.71,clear sky
334,Calbiga,PH,11.6247,125.0164,83.79,86,100,2.98,moderate rain
335,Chernukha,RU,55.5974,43.7556,84.69,42,85,6.04,overcast clouds
336,Avera,US,33.194,-82.5271,72.91,84,7,4.9,clear sky
337,Bakchar,RU,57.0186,82.0711,79.3,52,100,8.03,overcast clouds
338,Dudinka,RU,69.4058,86.1778,53.47,46,99,6.42,overcast clouds
339,Nanakuli,US,21.3906,-158.1547,78.75,67,90,4.61,overcast clouds
340,Evensk,RU,61.95,159.2333,52.39,92,100,5.57,overcast clouds
341,Jawhar,SO,2.7809,45.5005,84.58,56,99,21.59,light rain
342,Shelby,US,35.2001,-89.8668,73.49,92,1,1.01,clear sky
343,Lompoc,US,34.6391,-120.4579,62.78,87,90,4.61,overcast clouds
344,Smithers,CA,54.7804,-127.1743,64.72,52,1,5.75,clear sky
345,Costa Rica,BR,-23.4167,-54.65,60.44,51,93,5.35,overcast clouds
346,Coihueco,CL,-36.6167,-71.8333,34.54,88,90,2.3,fog
347,Talnakh,RU,69.4865,88.3972,50.38,50,100,4.63,overcast clouds
348,Watertown,US,42.3709,-71.1828,66.99,95,90,1.01,mist
349,Buala,SB,-8.145,159.5921,82.22,79,100,7.81,overcast clouds
350,Isehara,JP,35.3906,139.3078,87.58,76,100,7.27,moderate rain
351,Takoradi,GH,4.8845,-1.7554,77.14,83,100,8.72,overcast clouds
352,Huarmey,PE,-10.0681,-78.1522,63.63,88,37,8.7,scattered clouds
353,Senneterre,CA,48.3835,-77.2328,68.22,99,100,7.56,overcast clouds
354,Oranjestad,AW,12.524,-70.027,82.35,78,20,14.97,few clouds
355,Sur,OM,22.5667,59.5289,88.32,64,100,5.55,overcast clouds
356,Edeia,BR,-17.3383,-49.9314,61.41,53,0,4.65,clear sky
357,Payo,ID,-3.7508,103.6372,82.6,62,100,1.43,light rain
358,Chapais,CA,49.7834,-74.8492,64.18,94,100,7.96,overcast clouds
359,Torbay,CA,47.6666,-52.7314,52.57,90,20,9.22,few clouds
360,Longyearbyen,SJ,78.2186,15.6401,39.04,87,75,9.22,broken clouds
361,Bakal,RU,54.9417,58.8083,61.34,36,9,6.96,clear sky
362,Jacksonville,US,30.3322,-81.6556,78.78,87,20,4.61,mist
363,Arrecife,ES,28.963,-13.5477,71.67,83,20,20.71,few clouds
364,Lahaina,US,20.8783,-156.6825,76.8,85,15,12.06,few clouds
365,Gigmoto,PH,13.7796,124.39,86.5,66,86,6.38,overcast clouds
366,Egvekinot,RU,66.3167,-179.1667,59.79,57,20,4.54,few clouds
367,Los Llanos De Aridane,ES,28.6585,-17.9182,65.95,83,20,14.97,few clouds
368,Kennett,US,36.2362,-90.0556,75.18,97,1,0.0,clear sky
369,Port Maria,JM,18.3685,-76.8895,80.56,83,49,8.01,scattered clouds
370,Provideniya,RU,64.3833,-173.3,53.44,76,32,5.95,scattered clouds
371,College,US,64.8569,-147.8028,73.38,48,75,8.05,broken clouds
372,Kayseri,TR,38.737,35.4968,77.02,41,20,2.3,few clouds
373,Jiayuguan,CN,39.8167,98.3,77.5,34,50,11.77,scattered clouds
374,Aykhal,RU,66.0,111.5,55.35,56,73,11.65,broken clouds
375,Ampanihy,MG,-24.7,44.75,75.99,39,0,4.23,clear sky
376,Kilindoni,TZ,-7.9139,39.6668,77.63,70,14,4.63,few clouds
377,Springfield,US,37.2153,-93.2982,73.67,86,1,8.05,clear sky
378,Harper,LR,4.375,-7.7169,76.98,76,100,11.43,overcast clouds
379,Srednekolymsk,RU,67.45,153.6833,67.21,41,39,3.78,scattered clouds
380,Mulanje,MW,-16.0316,35.5,77.14,45,8,2.1,clear sky
381,Khon Kaen,TH,16.5,102.0833,93.27,49,97,1.72,overcast clouds
382,Klaksvik,FO,62.2266,-6.589,50.92,96,100,15.99,overcast clouds
383,Novobirilyussy,RU,56.9514,90.6661,83.91,39,24,4.63,few clouds
384,Port Hardy,CA,50.6996,-127.4199,57.38,82,90,5.75,overcast clouds
385,Norman Wells,CA,65.282,-126.8329,68.04,60,75,4.61,broken clouds
386,Erenhot,CN,43.6475,111.9767,97.0,20,46,8.77,scattered clouds
387,Poum,NC,-20.2333,164.0167,71.26,60,80,9.57,broken clouds
388,Brae,GB,60.3964,-1.353,57.11,86,82,4.18,broken clouds
389,Stroud,GB,51.75,-2.2,65.1,77,20,5.75,few clouds
390,Sydney,AU,-33.8679,151.2073,58.8,84,0,5.01,clear sky
391,Colotlan,MX,22.1,-103.2667,61.29,92,100,2.17,overcast clouds
392,Ugoofaaru,MV,5.6667,73.0,82.27,79,100,12.62,overcast clouds
393,Sambava,MG,-14.2667,50.1667,75.78,67,36,13.58,scattered clouds
394,Isla Mujeres,MX,21.2311,-86.731,73.45,84,100,12.95,overcast clouds
395,Baghdad,IQ,33.3406,44.4009,100.31,28,0,16.11,clear sky
396,Teruel,ES,40.6667,-0.6667,62.56,74,16,11.32,few clouds
397,Akonolinga,CM,3.7667,12.25,67.53,96,96,3.38,overcast clouds
398,Kikwit,CD,-5.041,18.8162,76.87,22,14,1.99,few clouds
399,Majene,ID,-3.5403,118.9707,83.34,70,100,6.73,overcast clouds
400,Latehar,IN,23.75,84.5,91.67,49,100,10.04,overcast clouds
401,Ambon,ID,-3.6954,128.1814,77.14,94,40,9.22,moderate rain
402,Veraval,IN,20.9,70.3667,86.04,72,93,9.01,overcast clouds
403,Shelburne,CA,44.0787,-80.2041,66.09,100,93,10.11,overcast clouds
404,Sobolevo,RU,54.4299,31.8996,80.11,59,48,3.65,scattered clouds
405,Merrill,US,45.1805,-89.6835,67.8,95,1,0.0,clear sky
406,Surdulica,RS,42.6906,22.1708,85.68,36,0,2.1,clear sky
407,Puerto Penasco,MX,31.3167,-113.5333,84.9,85,98,11.01,overcast clouds
408,Riyadh,SA,24.6877,46.7219,105.85,9,0,6.91,clear sky
409,Porto Velho,BR,-8.7619,-63.9039,71.65,88,0,0.0,light rain
410,Omboue,GA,-1.5746,9.2618,73.33,81,85,8.28,overcast clouds
411,Mayo,US,38.8876,-76.5119,81.9,85,1,3.0,clear sky
412,Mount Isa,AU,-20.7333,139.5,85.77,19,0,13.8,clear sky
413,Geraldton,AU,-28.7667,114.6,63.01,77,75,17.27,broken clouds
414,Lensk,RU,60.7253,114.9278,90.1,21,87,5.61,overcast clouds
415,Buckingham,GB,51.9997,-0.9878,64.17,88,0,1.01,clear sky
416,Banatski Karlovac,RS,45.0472,21.0161,91.11,31,0,23.02,clear sky
417,Porbandar,IN,21.6422,69.6093,86.85,70,34,8.48,scattered clouds
418,Norton Shores,US,43.1689,-86.2639,69.98,86,1,4.0,clear sky
419,Mahanoro,MG,-19.9,48.8,72.66,63,51,2.95,broken clouds
420,Atherton,GB,53.5237,-2.4935,65.59,85,96,8.84,overcast clouds
421,Del Rio,US,29.3627,-100.8968,77.11,86,1,9.22,clear sky
422,Saint Anthony,US,45.0205,-93.218,71.74,88,1,0.0,clear sky
423,Abha,SA,18.2164,42.5053,84.02,16,0,14.97,clear sky
424,Phonhong,LA,18.5007,102.4166,89.42,51,100,4.29,moderate rain
425,Kaka,TM,37.3482,59.6143,94.33,19,100,11.9,overcast clouds
426,Kiruna,SE,67.8557,20.2251,58.12,67,75,2.3,broken clouds
427,Panino,RU,51.6467,40.1346,83.97,44,0,4.47,clear sky
428,Chinhoyi,ZW,-17.3667,30.2,65.39,47,81,2.91,broken clouds
429,Hasaki,JP,35.7333,140.8333,81.28,84,100,7.92,overcast clouds
430,Norden,DE,53.6,7.2,69.01,93,100,11.83,overcast clouds
431,La Union,PE,-5.4,-80.75,66.33,78,7,8.72,clear sky
432,Chirongui,YT,-12.9319,45.1483,82.33,71,80,11.14,broken clouds
433,General Roca,AR,-39.0333,-67.5833,27.0,45,0,5.14,clear sky
434,Zavitinsk,RU,50.1167,129.45,75.96,91,92,10.04,overcast clouds
435,Noumea,NC,-22.2763,166.4572,69.01,99,0,12.77,clear sky
436,Tonantins,BR,-2.8731,-67.8022,71.55,98,83,1.92,broken clouds
437,Arlit,NE,18.7369,7.3853,93.34,30,3,8.72,clear sky
438,Asau,RO,46.4333,26.4,80.76,58,0,4.12,clear sky
439,Mao,ES,39.8885,4.2658,75.76,50,20,8.05,few clouds
440,Kijang,KR,35.2442,129.2139,89.33,76,33,13.6,scattered clouds
441,Pringsewu,ID,-5.3582,104.9744,77.7,79,100,1.14,overcast clouds
442,Villarrica,PY,-25.75,-56.4333,68.0,46,100,5.93,overcast clouds
443,Rio De Janeiro,BR,-22.9028,-43.2075,66.9,94,91,2.3,overcast clouds
444,Teya,RU,60.3778,92.6267,79.86,33,35,6.38,scattered clouds
445,Mehran,IR,33.1222,46.1646,110.68,12,0,18.07,clear sky
446,Kamina,CD,-8.7386,24.9906,73.83,26,89,4.43,overcast clouds
447,Dubbo,AU,-32.25,148.6167,57.33,72,90,5.75,light rain
448,Koungou,YT,-12.7336,45.2042,82.11,61,20,11.5,few clouds
449,Oostburg,US,43.6228,-87.7945,70.12,92,1,4.61,clear sky
450,Jian,CN,27.1172,114.9793,101.32,35,48,6.11,scattered clouds
451,Toktogul,KG,41.8708,72.9402,77.43,44,54,4.05,broken clouds
452,Alta Floresta,BR,-9.8756,-56.0861,63.91,59,5,3.6,clear sky
453,Svejbaek,DK,56.1325,9.6329,76.53,67,54,5.5,broken clouds
454,Bintulu,MY,3.1667,113.0333,82.81,78,75,11.99,broken clouds
455,Saint-Jovite,CA,46.1186,-74.5966,68.16,94,100,3.44,overcast clouds
456,Nacala,MZ,-14.5428,40.6728,82.26,46,3,7.67,clear sky
457,Jiwani,PK,25.05,61.7417,89.35,70,100,9.98,overcast clouds
458,Saint-Raymond,CA,45.467,-73.6095,71.26,91,90,2.3,light rain
459,Heihe,CN,50.2441,127.4902,81.18,79,100,12.59,overcast clouds
460,Gboko,NG,7.3179,8.9951,77.54,78,100,7.94,overcast clouds
461,Coelho Neto,BR,-4.2567,-43.0128,70.27,68,11,2.68,few clouds
462,Slave Lake,CA,55.2834,-114.769,64.38,68,20,8.05,few clouds
463,Lindi,TZ,-10.0,39.7167,85.35,50,87,4.88,overcast clouds
464,Youkounkoun,GN,12.5333,-13.1333,74.73,95,100,3.67,overcast clouds
465,Katima Mulilo,NA,-17.5,24.2667,65.25,23,5,9.86,clear sky
466,Upata,VE,8.0086,-62.3989,73.18,99,100,2.57,overcast clouds
467,Coos Bay,US,43.3665,-124.2179,57.31,87,90,17.27,overcast clouds
468,Port Macquarie,AU,-31.4333,152.9167,55.89,67,100,8.39,overcast clouds
469,Chulman,RU,56.8479,124.9104,73.65,51,96,5.23,overcast clouds
470,Krasnoarmeyskoye,RU,52.7182,50.0322,80.33,41,2,7.9,clear sky
471,Narrabri,AU,-30.3167,149.7833,62.69,67,100,14.97,light rain
472,Camacupa,AO,-12.0167,17.4833,65.95,32,5,4.47,clear sky
473,Salinas,US,36.6777,-121.6555,58.98,83,90,4.61,mist
474,Kishtwar,IN,33.3167,75.7667,75.88,61,100,2.35,overcast clouds
475,Dalvik,IS,65.9702,-18.5286,53.53,70,100,7.65,light rain
476,Cucuta,CO,7.8833,-72.5053,71.1,67,64,4.0,broken clouds
477,Mitsamiouli,KM,-11.3847,43.2844,78.12,70,6,4.0,clear sky
478,Sinnamary,GF,5.3833,-52.95,76.08,90,21,6.38,few clouds
479,Rio Verde De Mato Grosso,BR,-18.9181,-54.8442,66.9,36,0,4.74,clear sky
480,Sheltozero,RU,61.3667,35.3667,77.04,54,0,2.77,clear sky
481,Padang,ID,-0.9492,100.3543,86.05,60,96,4.88,overcast clouds
482,Camopi,GF,3.1655,-52.3158,70.12,100,86,1.1,overcast clouds
483,Belaya Gora,RU,68.5333,146.4167,65.77,51,48,5.48,scattered clouds
484,Rudsar,IR,37.1376,50.288,85.98,53,21,8.08,few clouds
485,Balaipungut,ID,1.05,101.2833,82.81,84,100,1.97,overcast clouds
486,Starosubkhangulovo,RU,53.1031,57.4423,74.07,30,12,5.08,few clouds
487,Trairi,BR,-3.2778,-39.2689,74.89,87,28,8.72,scattered clouds
488,Palaikastron,GR,35.2,26.25,82.35,59,0,26.33,clear sky
489,Cervo,ES,43.6702,-7.4101,63.97,82,98,4.27,overcast clouds
490,Sumbe,AO,-11.2061,13.8437,72.03,76,4,2.44,clear sky
491,Bluefields,NI,12.0137,-83.7635,76.48,93,100,4.25,overcast clouds
492,Bonthe,SL,7.5264,-12.505,77.34,84,95,3.69,overcast clouds
493,Sembakung,ID,3.8167,117.25,84.13,82,96,4.05,overcast clouds
494,Prince Rupert,CA,54.3161,-130.3201,55.09,84,90,3.44,overcast clouds
495,Denpasar,ID,-8.65,115.2167,83.86,70,20,16.11,few clouds
496,Margate,GB,51.3813,1.3862,62.96,83,96,7.0,overcast clouds
497,Dharchula,IN,29.85,80.5333,84.09,63,67,5.86,broken clouds
498,Teguldet,RU,57.3064,88.1667,85.26,34,70,4.92,broken clouds
499,Barkot,IN,30.8167,78.2,82.58,64,35,5.32,scattered clouds
500,Aripuana,BR,-9.1667,-60.6333,67.28,60,5,1.59,clear sky
501,Kudahuvadhoo,MV,2.6708,72.8944,81.73,75,100,3.87,overcast clouds
502,Muyezerskiy,RU,63.9333,31.65,82.83,31,10,5.82,clear sky
503,Pergine Valsugana,IT,46.065,11.238,66.29,90,75,5.75,mist
504,Portland,US,45.5234,-122.6762,67.37,68,20,1.01,smoke
505,Vigrestad,NO,58.5667,5.7,66.58,77,78,7.99,broken clouds
506,Gondanglegi,ID,-7.7479,112.0132,84.51,54,100,14.23,overcast clouds
507,Columbus,US,39.9612,-82.9988,72.28,93,90,5.75,overcast clouds
508,Yenagoa,NG,4.9247,6.2642,79.23,79,55,5.5,light rain
509,Orapa,BW,-21.2833,25.3667,55.94,22,3,12.15,clear sky
510,High Level,CA,58.5169,-117.136,60.91,88,1,2.3,clear sky
511,Yurga,RU,55.7231,84.8861,71.08,87,100,7.49,overcast clouds
512,Cascais,PT,38.6979,-9.4215,66.61,75,20,13.0,few clouds
513,Umm Lajj,SA,25.0213,37.2685,90.09,51,66,13.02,broken clouds
514,Vammala,FI,61.3333,22.9,79.41,33,0,2.37,clear sky
515,Skibbereen,IE,51.55,-9.2667,58.8,79,99,3.76,overcast clouds
516,Sao Miguel,BR,-5.4667,-35.3667,73.72,88,17,13.02,few clouds
517,Nalchiti,BD,22.6333,90.2833,90.34,59,87,13.04,overcast clouds
518,Svolvaer,NO,68.2342,14.5683,55.38,87,75,5.75,broken clouds
519,Homer,US,59.6425,-151.5483,55.08,90,75,0.0,broken clouds
520,Whitehaven,GB,54.549,-3.5841,60.82,94,9,5.32,clear sky
521,Lazaro Cardenas,MX,17.9583,-102.2,77.61,89,100,4.38,overcast clouds
522,Seoul,KR,37.5683,126.9778,95.41,62,75,9.22,broken clouds
523,Ziway,ET,7.9333,38.7167,68.23,67,100,13.51,overcast clouds
524,Riberalta,BO,-10.9833,-66.1,69.1,63,27,1.92,scattered clouds
525,Tailai,CN,46.3833,123.4,80.83,77,100,16.75,light rain
526,Alihe,CN,50.5667,123.7167,73.45,98,100,5.66,overcast clouds
527,Mabaruma,GY,8.2,-59.7833,72.03,99,96,2.37,overcast clouds
528,Hamamatsu,JP,34.7,137.7333,83.01,79,94,1.99,overcast clouds
529,Richards Bay,ZA,-28.783,32.0377,61.95,49,52,14.12,broken clouds
530,Maningrida,AU,-12.0667,134.2667,81.28,71,34,13.0,scattered clouds
531,Maniwaki,CA,46.3834,-75.966,70.34,100,100,4.61,overcast clouds
532,Ribeira Brava,PT,32.65,-17.0667,73.71,72,0,5.57,clear sky
533,Port Shepstone,ZA,-30.7414,30.455,59.25,44,4,16.42,clear sky
534,Brownsville,US,25.9018,-97.4975,81.91,86,100,1.99,overcast clouds
535,Gogrial,SS,8.5332,28.1004,75.67,80,100,4.18,light rain
536,Assiniboia,CA,49.6334,-105.9845,64.31,88,6,3.44,clear sky
537,Shangqiu,CN,34.45,115.65,97.11,49,94,16.78,light rain
538,Raudeberg,NO,61.9875,5.1352,65.8,91,84,2.84,broken clouds
539,Semporna,MY,4.4818,118.6112,88.0,70,100,6.31,light rain
540,Awbari,LY,26.5921,12.7805,91.15,21,0,9.71,clear sky
541,Tokur,RU,53.1333,132.9,62.02,97,100,3.22,light rain
542,Nkhotakota,MW,-12.9274,34.2961,75.58,58,3,6.04,clear sky
543,Bahir Dar,ET,11.5936,37.3908,69.44,69,100,2.35,light rain
544,Cockburn Town,TC,21.4612,-71.1419,79.95,79,6,15.12,clear sky
545,Mae Sot,TH,16.7167,98.5667,87.75,66,40,3.44,scattered clouds
546,Pandamatenga,BW,-18.5278,25.627,65.14,24,3,9.95,clear sky
547,Preobrazheniye,RU,42.9019,133.9064,72.68,81,46,5.28,scattered clouds
548,Strezhevoy,RU,60.7333,77.5889,48.18,88,100,15.68,overcast clouds
549,Pangkalanbuun,ID,-2.6833,111.6167,76.66,88,99,2.89,moderate rain
550,Kruisfontein,ZA,-34.0033,24.7314,47.88,52,6,7.67,clear sky
551,Tahe,CN,52.3333,124.7333,61.74,99,100,7.78,light rain
552,Amboasary,MG,-25.0333,46.3833,75.04,44,1,1.83,clear sky
553,Marawi,PH,7.9986,124.2928,80.65,90,100,1.68,overcast clouds
554,Jinxiang,CN,27.4327,120.6062,85.23,77,95,8.08,overcast clouds
555,Bar Harbor,US,44.3876,-68.2039,63.09,76,90,4.0,overcast clouds
556,San Policarpo,PH,12.1791,125.5072,84.42,77,100,6.55,overcast clouds
557,Finschhafen,PG,-6.6024,147.8681,80.11,79,75,8.79,light rain
558,Borogontsy,RU,62.6683,131.1683,82.92,27,2,7.16,clear sky
559,Severnoye,RU,56.3491,78.3619,71.73,88,99,10.94,moderate rain
560,Williston,US,48.147,-103.618,68.41,70,100,4.94,overcast clouds
561,Maceio,BR,-9.6658,-35.7353,71.04,100,75,3.44,broken clouds
562,Coquimbo,CL,-29.9533,-71.3436,55.13,71,90,3.44,overcast clouds
563,Hualmay,PE,-11.0964,-77.6139,62.11,87,41,10.31,scattered clouds
564,Requena,ES,39.4883,-1.1004,68.7,34,0,4.45,clear sky
565,Baragua,CU,21.6967,-78.6328,75.31,95,37,7.45,scattered clouds
566,Manokwari,ID,-0.8667,134.0833,81.46,73,100,4.43,overcast clouds
567,Biak,ID,-0.9131,122.8766,77.92,79,99,7.87,overcast clouds
568,Mattawa,US,46.7379,-119.9028,85.1,41,0,12.66,clear sky
569,Sabang,ID,5.8933,95.3214,83.14,73,85,15.57,overcast clouds
570,Hovd,MN,48.0056,91.6419,80.91,26,43,10.67,scattered clouds
571,Mayumba,GA,-3.432,10.6554,73.83,79,91,6.4,overcast clouds
572,Changji,CN,44.0167,87.3167,81.39,44,0,6.71,clear sky
573,Udachnyy,RU,66.4167,112.4,56.26,52,91,9.86,overcast clouds
574,Narsingi,IN,18.0333,78.4333,76.95,86,100,15.05,overcast clouds
575,Carnot,CF,4.9409,15.8665,77.09,78,42,4.03,light rain
576,Guiyang,CN,26.5833,106.7167,88.29,48,75,17.9,broken clouds
577,Tocopilla,CL,-22.092,-70.1979,60.84,79,100,9.78,overcast clouds
578,Opuwo,NA,-18.0607,13.84,61.54,29,0,17.85,clear sky
579,Ketchikan,US,55.3422,-131.6461,55.87,82,90,11.5,overcast clouds
580,Ilulissat,GL,69.2167,-51.1,42.82,100,90,2.3,drizzle
581,Batsfjord,NO,70.6345,29.7185,53.82,96,100,16.67,overcast clouds
582,Inndyr,NO,67.0338,14.0276,60.66,78,98,4.83,overcast clouds
583,Kaitong,CN,44.8135,123.15,84.29,68,77,18.5,broken clouds
584,Balilihan,PH,9.7561,123.973,84.88,84,100,0.43,very heavy rain
585,Ouesso,CG,1.6136,16.0517,82.51,56,70,2.3,broken clouds
586,Zyryanka,RU,65.75,150.85,73.6,40,55,2.77,broken clouds
587,Teahupoo,PF,-17.8333,-149.2667,71.56,80,9,20.76,light rain
588,Matalom,PH,10.2831,124.7878,83.5,78,98,1.99,overcast clouds
589,Skjervoy,NO,70.0311,20.9714,53.6,89,100,14.94,overcast clouds
590,Chipinge,ZW,-20.1883,32.6236,57.61,79,100,3.91,overcast clouds
591,Vidalia,US,32.2177,-82.4135,73.51,94,1,0.0,clear sky
592,Ayan,RU,56.45,138.1667,66.45,64,2,4.25,clear sky
593,Moose Factory,CA,51.2585,-80.6094,68.0,83,40,6.91,scattered clouds
594,Mogok,MM,22.9167,96.5,81.64,58,65,2.53,broken clouds
595,Anshun,CN,26.25,105.9333,77.54,76,83,16.69,broken clouds
596,Tuatapere,NZ,-46.1333,167.6833,45.82,90,100,7.2,light rain
597,Bozoum,CF,6.3193,16.3799,75.16,82,91,2.77,light rain
598,Bage,BR,-31.3314,-54.1069,64.18,63,0,16.11,clear sky
599,Alofi,NU,-19.0595,-169.9187,75.09,100,53,5.75,broken clouds
600,Tuy Hoa,VN,13.0833,109.3,88.41,63,71,9.06,broken clouds
601,Karratha,AU,-20.7377,116.8463,78.73,48,99,14.41,overcast clouds
602,Mazagao,BR,-0.115,-51.2894,77.05,93,30,2.17,heavy intensity rain
603,Charters Towers,AU,-20.1,146.2667,72.55,65,92,15.88,overcast clouds
604,Tarakan,ID,3.3,117.6333,83.7,79,40,3.44,light rain
605,Olinda,BR,-8.0089,-34.8553,71.33,83,75,5.75,broken clouds
606,Maloy,NO,61.9353,5.1136,66.99,91,88,2.89,overcast clouds
607,Baturaja,ID,-4.1333,104.1667,74.23,87,100,3.18,light rain
608,Nikki,BJ,9.9401,3.2108,73.6,85,98,7.4,light rain
609,Vitim,RU,59.4511,112.5578,88.93,22,100,8.25,overcast clouds
610,Vilyuysk,RU,63.7553,121.6247,81.48,28,25,9.33,scattered clouds
611,Thai Binh,VN,20.45,106.3333,89.6,60,62,14.05,broken clouds
612,La Orilla,MX,17.9833,-102.2333,77.0,91,100,4.32,overcast clouds
613,Ilebo,CD,-4.3167,20.5833,85.95,20,6,1.86,clear sky
614,Lagos,NG,6.5833,3.75,77.32,82,96,7.02,light rain
615,Iquitos,PE,-3.7481,-73.2472,73.44,94,0,0.0,clear sky
616,Mega,ET,4.05,38.3,62.24,65,99,18.45,overcast clouds
617,Mecca,SA,21.4267,39.8261,98.65,16,100,10.38,overcast clouds
618,Seddon,AU,-37.8068,144.8916,56.28,82,75,8.01,broken clouds
619,Matagami,CA,49.7502,-77.6328,66.31,100,90,6.91,moderate rain
620,Ahuimanu,US,21.4447,-157.8378,78.51,68,40,11.5,scattered clouds
621,Rosarito,MX,32.3333,-117.0333,70.75,82,6,3.2,clear sky
622,Luba,GQ,3.4568,8.5547,76.89,84,90,4.47,light rain
623,Kisangani,CD,0.5167,25.2,87.12,47,18,1.5,few clouds
624,Mayahi,NE,13.9553,7.6712,85.62,53,17,10.98,few clouds
625,Bazarnyy Karabulak,RU,52.2683,46.4144,84.52,48,27,6.42,scattered clouds
626,Isangel,VU,-19.55,169.2667,69.87,75,32,16.58,scattered clouds
627,Along,IN,28.1667,94.7667,79.34,95,92,2.73,overcast clouds
628,Beyneu,KZ,45.3167,55.2,87.98,20,0,7.14,clear sky
629,Sesori,SV,13.7167,-88.3667,70.95,89,74,2.64,broken clouds
630,Langfang,CN,39.5097,116.6947,93.15,69,99,9.01,overcast clouds
631,Tomatlan,MX,19.9333,-105.25,73.98,81,97,4.12,overcast clouds
632,Serra Talhada,BR,-7.9919,-38.2983,62.55,97,11,6.13,few clouds
633,Hervey Bay,AU,-25.2986,152.8535,70.03,70,5,3.0,clear sky
634,Khanewal,PK,30.3,71.9333,93.02,34,100,8.88,overcast clouds
635,Guangyuan,CN,32.442,105.823,83.52,86,100,3.36,light rain
636,Abapo,BO,-18.8333,-63.4667,58.42,76,14,3.11,few clouds
637,Sosua,DO,19.7667,-70.5167,76.23,87,33,6.78,scattered clouds
638,Kavaratti,IN,10.5669,72.642,82.49,81,100,19.48,light rain
639,Muli,MV,2.9167,73.5667,82.17,76,100,6.62,overcast clouds
640,Mankachar,IN,25.5333,89.8667,90.12,63,94,10.09,overcast clouds
641,Santo Antonio Do Ica,BR,-3.1022,-67.9397,71.69,98,93,1.79,overcast clouds
642,Angoche,MZ,-16.2325,39.9086,79.32,63,6,6.64,light rain
643,Saginaw,US,43.3334,-84.0333,68.88,93,40,5.75,scattered clouds
644,San Jose,US,37.3394,-121.895,59.74,81,20,9.22,few clouds
645,Omsukchan,RU,62.5333,155.8,64.24,56,100,6.06,overcast clouds
646,Alenquer,BR,-1.9417,-54.7383,75.54,91,47,3.29,scattered clouds
647,Itoman,JP,26.1247,127.6694,91.78,64,20,12.66,few clouds
648,Yar-Sale,RU,66.8333,70.8333,57.78,42,34,5.88,scattered clouds
649,Riverton,US,40.5219,-111.9391,83.68,42,1,5.01,clear sky
650,Auki,SB,-8.7676,160.7034,79.52,84,100,5.37,overcast clouds
651,Kumylzhenskaya,RU,49.8809,42.5898,86.52,35,0,6.17,clear sky
652,Sao Miguel Do Araguaia,BR,-13.275,-50.1628,66.81,41,0,5.55,clear sky
653,Bodden Town,KY,19.2833,-81.25,83.93,91,100,1.01,overcast clouds
654,West Norriton,US,40.1296,-75.3785,77.76,91,90,5.75,mist
655,Kota Belud,MY,6.351,116.4305,87.66,88,90,4.27,light rain
656,Douglas,US,41.3,-96.167,78.1,84,1,6.91,clear sky
657,Awjilah,LY,29.1081,21.2869,90.59,26,0,5.46,clear sky
658,Rio Gallegos,AR,-51.6226,-69.2181,37.45,87,0,5.75,clear sky
659,Okha,RU,53.5739,142.9478,61.07,76,100,11.9,overcast clouds
660,Salinopolis,BR,-0.6136,-47.3561,78.48,83,35,10.29,scattered clouds
661,Doka,SD,13.5167,35.7667,76.26,77,100,15.41,overcast clouds
662,Poya,NC,-21.35,165.15,65.26,69,0,8.39,clear sky
663,Camapua,BR,-19.5314,-54.0439,63.37,38,0,3.51,clear sky
